[
        {
                "inputs": [],
                "stateMutability": "nonpayable",
                "type": "constructor"
        },
        {
                "anonymous": false,
                "inputs": [
                        {
                                "indexed": true,
                                "internalType": "bytes32",
                                "name": "id",
                                "type": "bytes32"
                        },
                        {
                                "indexed": false,
                                "internalType": "address",
                                "name": "user",
                                "type": "address"
                        },
                        {
                                "indexed": false,
                                "internalType": "uint256",
                                "name": "option",
                                "type": "uint256"
                        },
                        {
                                "indexed": false,
                                "internalType": "uint256",
                                "name": "amount",
                                "type": "uint256"
                        }
                ],
                "name": "BetPlaced",
                "type": "event"
        },
        {
                "anonymous": false,
                "inputs": [
                        {
                                "indexed": true,
                                "internalType": "bytes32",
                                "name": "id",
                                "type": "bytes32"
                        },
                        {
                                "indexed": false,
                                "internalType": "address",
                                "name": "reporter",
                                "type": "address"
                        },
                        {
                                "indexed": false,
                                "internalType": "enum TwitchPredictions.ReportResult",
                                "name": "result",
                                "type": "uint8"
                        }
                ],
                "name": "ConsensusReportSubmitted",
                "type": "event"
        },
        {
                "anonymous": false,
                "inputs": [
                        {
                                "indexed": true,
                                "internalType": "bytes32",
                                "name": "id",
                                "type": "bytes32"
                        },
                        {
                                "indexed": false,
                                "internalType": "uint256",
                                "name": "processed",
                                "type": "uint256"
                        },
                        {
                                "indexed": false,
                                "internalType": "uint256",
                                "name": "total",
                                "type": "uint256"
                        }
                ],
                "name": "DistributionBatchCompleted",
                "type": "event"
        },
        {
                "anonymous": false,
                "inputs": [
                        {
                                "indexed": true,
                                "internalType": "bytes32",
                                "name": "id",
                                "type": "bytes32"
                        },
                        {
                                "indexed": false,
                                "internalType": "uint256",
                                "name": "amount",
                                "type": "uint256"
                        }
                ],
                "name": "PlatformFeeCollected",
                "type": "event"
        },
        {
                "anonymous": false,
                "inputs": [
                        {
                                "indexed": false,
                                "internalType": "address",
                                "name": "oldRecipient",
                                "type": "address"
                        },
                        {
                                "indexed": false,
                                "internalType": "address",
                                "name": "newRecipient",
                                "type": "address"
                        }
                ],
                "name": "PlatformFeeRecipientChanged",
                "type": "event"
        },
        {
                "anonymous": false,
                "inputs": [
                        {
                                "indexed": true,
                                "internalType": "bytes32",
                                "name": "id",
                                "type": "bytes32"
                        },
                        {
                                "indexed": false,
                                "internalType": "uint256",
                                "name": "totalRefunded",
                                "type": "uint256"
                        }
                ],
                "name": "PredictionCancelled",
                "type": "event"
        },
        {
                "anonymous": false,
                "inputs": [
                        {
                                "indexed": true,
                                "internalType": "bytes32",
                                "name": "id",
                                "type": "bytes32"
                        },
                        {
                                "indexed": false,
                                "internalType": "string",
                                "name": "channel",
                                "type": "string"
                        },
                        {
                                "indexed": false,
                                "internalType": "string",
                                "name": "question",
                                "type": "string"
                        },
                        {
                                "indexed": false,
                                "internalType": "string[]",
                                "name": "options",
                                "type": "string[]"
                        },
                        {
                                "indexed": false,
                                "internalType": "uint256",
                                "name": "startTime",
                                "type": "uint256"
                        }
                ],
                "name": "PredictionCreated",
                "type": "event"
        },
        {
                "anonymous": false,
                "inputs": [
                        {
                                "indexed": true,
                                "internalType": "bytes32",
                                "name": "id",
                                "type": "bytes32"
                        },
                        {
                                "indexed": false,
                                "internalType": "uint256",
                                "name": "lockTime",
                                "type": "uint256"
                        }
                ],
                "name": "PredictionLocked",
                "type": "event"
        },
        {
                "anonymous": false,
                "inputs": [
                        {
                                "indexed": true,
                                "internalType": "bytes32",
                                "name": "id",
                                "type": "bytes32"
                        },
                        {
                                "indexed": false,
                                "internalType": "uint256",
                                "name": "winningOption",
                                "type": "uint256"
                        },
                        {
                                "indexed": false,
                                "internalType": "uint256",
                                "name": "consensusPercent",
                                "type": "uint256"
                        }
                ],
                "name": "PredictionResolvedByConsensus",
                "type": "event"
        },
        {
                "anonymous": false,
                "inputs": [
                        {
                                "indexed": true,
                                "internalType": "bytes32",
                                "name": "id",
                                "type": "bytes32"
                        },
                        {
                                "indexed": false,
                                "internalType": "address",
                                "name": "user",
                                "type": "address"
                        },
                        {
                                "indexed": false,
                                "internalType": "uint256",
                                "name": "amount",
                                "type": "uint256"
                        }
                ],
                "name": "RefundIssued",
                "type": "event"
        },
        {
                "anonymous": false,
                "inputs": [
                        {
                                "indexed": true,
                                "internalType": "bytes32",
                                "name": "id",
                                "type": "bytes32"
                        },
                        {
                                "indexed": false,
                                "internalType": "address",
                                "name": "reporter",
                                "type": "address"
                        },
                        {
                                "indexed": false,
                                "internalType": "uint256",
                                "name": "penaltyAmount",
                                "type": "uint256"
                        }
                ],
                "name": "ReporterPenalized",
                "type": "event"
        },
        {
                "anonymous": false,
                "inputs": [
                        {
                                "indexed": true,
                                "internalType": "bytes32",
                                "name": "id",
                                "type": "bytes32"
                        },
                        {
                                "indexed": false,
                                "internalType": "address",
                                "name": "user",
                                "type": "address"
                        },
                        {
                                "indexed": false,
                                "internalType": "uint256",
                                "name": "amount",
                                "type": "uint256"
                        }
                ],
                "name": "WinningsDistributed",
                "type": "event"
        },
        {
                "inputs": [],
                "name": "CONSENSUS_TIMEOUT",
                "outputs": [
                        {
                                "internalType": "uint256",
                                "name": "",
                                "type": "uint256"
                        }
                ],
                "stateMutability": "view",
                "type": "function"
        },
        {
                "inputs": [],
                "name": "MAX_DISTRIBUTION_BATCH",
                "outputs": [
                        {
                                "internalType": "uint256",
                                "name": "",
                                "type": "uint256"
                        }
                ],
                "stateMutability": "view",
                "type": "function"
        },
        {
                "inputs": [],
                "name": "MAX_REPORTS",
                "outputs": [
                        {
                                "internalType": "uint256",
                                "name": "",
                                "type": "uint256"
                        }
                ],
                "stateMutability": "view",
                "type": "function"
        },
        {
                "inputs": [],
                "name": "MIN_BET",
                "outputs": [
                        {
                                "internalType": "uint256",
                                "name": "",
                                "type": "uint256"
                        }
                ],
                "stateMutability": "view",
                "type": "function"
        },
        {
                "inputs": [],
                "name": "PLATFORM_FEE_PERCENT",
                "outputs": [
                        {
                                "internalType": "uint256",
                                "name": "",
                                "type": "uint256"
                        }
                ],
                "stateMutability": "view",
                "type": "function"
        },
        {
                "inputs": [],
                "name": "REPORT_COOLDOWN",
                "outputs": [
                        {
                                "internalType": "uint256",
                                "name": "",
                                "type": "uint256"
                        }
                ],
                "stateMutability": "view",
                "type": "function"
        },
        {
                "inputs": [],
                "name": "TIMEOUT_DURATION",
                "outputs": [
                        {
                                "internalType": "uint256",
                                "name": "",
                                "type": "uint256"
                        }
                ],
                "stateMutability": "view",
                "type": "function"
        },
        {
                "inputs": [
                        {
                                "internalType": "bytes32",
                                "name": "",
                                "type": "bytes32"
                        },
                        {
                                "internalType": "uint256",
                                "name": "",
                                "type": "uint256"
                        }
                ],
                "name": "bettors",
                "outputs": [
                        {
                                "internalType": "address",
                                "name": "",
                                "type": "address"
                        }
                ],
                "stateMutability": "view",
                "type": "function"
        },
        {
                "inputs": [
                        {
                                "internalType": "string",
                                "name": "",
                                "type": "string"
                        }
                ],
                "name": "channelNonce",
                "outputs": [
                        {
                                "internalType": "uint256",
                                "name": "",
                                "type": "uint256"
                        }
                ],
                "stateMutability": "view",
                "type": "function"
        },
        {
                "inputs": [
                        {
                                "internalType": "bytes32",
                                "name": "_id",
                                "type": "bytes32"
                        }
                ],
                "name": "checkTimeout",
                "outputs": [
                        {
                                "internalType": "bool",
                                "name": "",
                                "type": "bool"
                        }
                ],
                "stateMutability": "view",
                "type": "function"
        },
        {
                "inputs": [
                        {
                                "internalType": "bytes32",
                                "name": "_id",
                                "type": "bytes32"
                        }
                ],
                "name": "continueDistribution",
                "outputs": [],
                "stateMutability": "nonpayable",
                "type": "function"
        },
        {
                "inputs": [
                        {
                                "internalType": "bytes32",
                                "name": "_id",
                                "type": "bytes32"
                        }
                ],
                "name": "getDistributionStatus",
                "outputs": [
                        {
                                "internalType": "bool",
                                "name": "distributionStarted",
                                "type": "bool"
                        },
                        {
                                "internalType": "uint256",
                                "name": "lastDistributedIndex",
                                "type": "uint256"
                        },
                        {
                                "internalType": "uint256",
                                "name": "totalBettors",
                                "type": "uint256"
                        },
                        {
                                "internalType": "uint256",
                                "name": "totalWinners",
                                "type": "uint256"
                        },
                        {
                                "internalType": "uint256",
                                "name": "prizePool",
                                "type": "uint256"
                        },
                        {
                                "internalType": "uint256",
                                "name": "winningPool",
                                "type": "uint256"
                        }
                ],
                "stateMutability": "view",
                "type": "function"
        },
        {
                "inputs": [
                        {
                                "internalType": "bytes32",
                                "name": "_id",
                                "type": "bytes32"
                        },
                        {
                                "internalType": "uint256",
                                "name": "_option",
                                "type": "uint256"
                        }
                ],
                "name": "getOdds",
                "outputs": [
                        {
                                "internalType": "uint256",
                                "name": "",
                                "type": "uint256"
                        }
                ],
                "stateMutability": "view",
                "type": "function"
        },
        {
                "inputs": [
                        {
                                "internalType": "bytes32",
                                "name": "_id",
                                "type": "bytes32"
                        }
                ],
                "name": "getPredictionInfo",
                "outputs": [
                        {
                                "internalType": "string",
                                "name": "channel",
                                "type": "string"
                        },
                        {
                                "internalType": "string",
                                "name": "question",
                                "type": "string"
                        },
                        {
                                "internalType": "string[]",
                                "name": "options",
                                "type": "string[]"
                        },
                        {
                                "internalType": "uint256",
                                "name": "totalPool",
                                "type": "uint256"
                        },
                        {
                                "internalType": "uint256",
                                "name": "startTime",
                                "type": "uint256"
                        },
                        {
                                "internalType": "uint256",
                                "name": "lockTime",
                                "type": "uint256"
                        },
                        {
                                "internalType": "enum TwitchPredictions.PredictionStatus",
                                "name": "status",
                                "type": "uint8"
                        },
                        {
                                "internalType": "uint256",
                                "name": "bettorsCount",
                                "type": "uint256"
                        },
                        {
                                "internalType": "uint256",
                                "name": "option0Amount",
                                "type": "uint256"
                        },
                        {
                                "internalType": "uint256",
                                "name": "option1Amount",
                                "type": "uint256"
                        }
                ],
                "stateMutability": "view",
                "type": "function"
        },
        {
                "inputs": [
                        {
                                "internalType": "bytes32",
                                "name": "",
                                "type": "bytes32"
                        },
                        {
                                "internalType": "address",
                                "name": "",
                                "type": "address"
                        }
                ],
                "name": "isReporterPenalized",
                "outputs": [
                        {
                                "internalType": "bool",
                                "name": "",
                                "type": "bool"
                        }
                ],
                "stateMutability": "view",
                "type": "function"
        },
        {
                "inputs": [
                        {
                                "internalType": "bytes32",
                                "name": "",
                                "type": "bytes32"
                        },
                        {
                                "internalType": "address",
                                "name": "",
                                "type": "address"
                        }
                ],
                "name": "lastReportTime",
                "outputs": [
                        {
                                "internalType": "uint256",
                                "name": "",
                                "type": "uint256"
                        }
                ],
                "stateMutability": "view",
                "type": "function"
        },
        {
                "inputs": [
                        {
                                "internalType": "bytes32",
                                "name": "_id",
                                "type": "bytes32"
                        }
                ],
                "name": "lockPrediction",
                "outputs": [],
                "stateMutability": "nonpayable",
                "type": "function"
        },
        {
                "inputs": [
                        {
                                "internalType": "bytes32",
                                "name": "",
                                "type": "bytes32"
                        },
                        {
                                "internalType": "uint256",
                                "name": "",
                                "type": "uint256"
                        }
                ],
                "name": "optionAmounts",
                "outputs": [
                        {
                                "internalType": "uint256",
                                "name": "",
                                "type": "uint256"
                        }
                ],
                "stateMutability": "view",
                "type": "function"
        },
        {
                "inputs": [
                        {
                                "internalType": "bytes32",
                                "name": "",
                                "type": "bytes32"
                        },
                        {
                                "internalType": "uint256",
                                "name": "",
                                "type": "uint256"
                        },
                        {
                                "internalType": "uint256",
                                "name": "",
                                "type": "uint256"
                        }
                ],
                "name": "optionBettors",
                "outputs": [
                        {
                                "internalType": "address",
                                "name": "",
                                "type": "address"
                        }
                ],
                "stateMutability": "view",
                "type": "function"
        },
        {
                "inputs": [],
                "name": "owner",
                "outputs": [
                        {
                                "internalType": "address",
                                "name": "",
                                "type": "address"
                        }
                ],
                "stateMutability": "view",
                "type": "function"
        },
        {
                "inputs": [
                        {
                                "internalType": "string",
                                "name": "_channel",
                                "type": "string"
                        },
                        {
                                "internalType": "string",
                                "name": "_question",
                                "type": "string"
                        },
                        {
                                "internalType": "string[]",
                                "name": "_options",
                                "type": "string[]"
                        },
                        {
                                "internalType": "uint256",
                                "name": "_option",
                                "type": "uint256"
                        },
                        {
                                "internalType": "uint256",
                                "name": "_referenceStartTime",
                                "type": "uint256"
                        }
                ],
                "name": "placeBet",
                "outputs": [
                        {
                                "internalType": "bytes32",
                                "name": "",
                                "type": "bytes32"
                        }
                ],
                "stateMutability": "payable",
                "type": "function"
        },
        {
                "inputs": [],
                "name": "platformFeeRecipient",
                "outputs": [
                        {
                                "internalType": "address",
                                "name": "",
                                "type": "address"
                        }
                ],
                "stateMutability": "view",
                "type": "function"
        },
        {
                "inputs": [],
                "name": "platformFees",
                "outputs": [
                        {
                                "internalType": "uint256",
                                "name": "",
                                "type": "uint256"
                        }
                ],
                "stateMutability": "view",
                "type": "function"
        },
        {
                "inputs": [
                        {
                                "internalType": "bytes32",
                                "name": "",
                                "type": "bytes32"
                        }
                ],
                "name": "predictions",
                "outputs": [
                        {
                                "internalType": "bytes32",
                                "name": "id",
                                "type": "bytes32"
                        },
                        {
                                "internalType": "string",
                                "name": "channel",
                                "type": "string"
                        },
                        {
                                "internalType": "string",
                                "name": "question",
                                "type": "string"
                        },
                        {
                                "internalType": "uint256",
                                "name": "totalPool",
                                "type": "uint256"
                        },
                        {
                                "internalType": "uint256",
                                "name": "startTime",
                                "type": "uint256"
                        },
                        {
                                "internalType": "uint256",
                                "name": "lockTime",
                                "type": "uint256"
                        },
                        {
                                "internalType": "uint256",
                                "name": "endTime",
                                "type": "uint256"
                        },
                        {
                                "internalType": "enum TwitchPredictions.PredictionStatus",
                                "name": "status",
                                "type": "uint8"
                        },
                        {
                                "internalType": "uint256",
                                "name": "winningOption",
                                "type": "uint256"
                        },
                        {
                                "internalType": "address",
                                "name": "creator",
                                "type": "address"
                        },
                        {
                                "internalType": "bool",
                                "name": "resolved",
                                "type": "bool"
                        },
                        {
                                "internalType": "uint256",
                                "name": "totalReports",
                                "type": "uint256"
                        },
                        {
                                "internalType": "uint256",
                                "name": "finished0Reports",
                                "type": "uint256"
                        },
                        {
                                "internalType": "uint256",
                                "name": "finished1Reports",
                                "type": "uint256"
                        },
                        {
                                "internalType": "uint256",
                                "name": "notFinishedReports",
                                "type": "uint256"
                        },
                        {
                                "internalType": "uint256",
                                "name": "outFromStreamReports",
                                "type": "uint256"
                        },
                        {
                                "internalType": "uint256",
                                "name": "channelNonce",
                                "type": "uint256"
                        },
                        {
                                "internalType": "bool",
                                "name": "distributionStarted",
                                "type": "bool"
                        },
                        {
                                "internalType": "uint256",
                                "name": "lastDistributedIndex",
                                "type": "uint256"
                        },
                        {
                                "internalType": "uint256",
                                "name": "prizePool",
                                "type": "uint256"
                        },
                        {
                                "internalType": "uint256",
                                "name": "winningPool",
                                "type": "uint256"
                        },
                        {
                                "internalType": "uint256",
                                "name": "totalWinners",
                                "type": "uint256"
                        },
                        {
                                "internalType": "bool",
                                "name": "wasPenaltyApplied",
                                "type": "bool"
                        }
                ],
                "stateMutability": "view",
                "type": "function"
        },
        {
                "inputs": [
                        {
                                "internalType": "bytes32",
                                "name": "_id",
                                "type": "bytes32"
                        }
                ],
                "name": "processRefundBatch",
                "outputs": [],
                "stateMutability": "nonpayable",
                "type": "function"
        },
        {
                "inputs": [
                        {
                                "internalType": "bytes32",
                                "name": "_id",
                                "type": "bytes32"
                        },
                        {
                                "internalType": "enum TwitchPredictions.ReportResult",
                                "name": "_result",
                                "type": "uint8"
                        }
                ],
                "name": "reportPredictionResult",
                "outputs": [],
                "stateMutability": "nonpayable",
                "type": "function"
        },
        {
                "inputs": [
                        {
                                "internalType": "bytes32",
                                "name": "",
                                "type": "bytes32"
                        },
                        {
                                "internalType": "uint256",
                                "name": "",
                                "type": "uint256"
                        }
                ],
                "name": "reports",
                "outputs": [
                        {
                                "internalType": "address",
                                "name": "reporter",
                                "type": "address"
                        },
                        {
                                "internalType": "enum TwitchPredictions.ReportResult",
                                "name": "result",
                                "type": "uint8"
                        },
                        {
                                "internalType": "uint256",
                                "name": "timestamp",
                                "type": "uint256"
                        },
                        {
                                "internalType": "bool",
                                "name": "isPenalized",
                                "type": "bool"
                        }
                ],
                "stateMutability": "view",
                "type": "function"
        },
        {
                "inputs": [
                        {
                                "internalType": "bytes32",
                                "name": "_id",
                                "type": "bytes32"
                        }
                ],
                "name": "resolveWithConsensus",
                "outputs": [],
                "stateMutability": "nonpayable",
                "type": "function"
        },
        {
                "inputs": [
                        {
                                "internalType": "address",
                                "name": "_newRecipient",
                                "type": "address"
                        }
                ],
                "name": "setPlatformFeeRecipient",
                "outputs": [],
                "stateMutability": "nonpayable",
                "type": "function"
        },
        {
                "inputs": [
                        {
                                "internalType": "bytes32",
                                "name": "_id",
                                "type": "bytes32"
                        }
                ],
                "name": "timeoutPrediction",
                "outputs": [],
                "stateMutability": "nonpayable",
                "type": "function"
        },
        {
                "inputs": [
                        {
                                "internalType": "address",
                                "name": "newOwner",
                                "type": "address"
                        }
                ],
                "name": "transferOwnership",
                "outputs": [],
                "stateMutability": "nonpayable",
                "type": "function"
        },
        {
                "inputs": [
                        {
                                "internalType": "bytes32",
                                "name": "",
                                "type": "bytes32"
                        },
                        {
                                "internalType": "address",
                                "name": "",
                                "type": "address"
                        }
                ],
                "name": "userBets",
                "outputs": [
                        {
                                "internalType": "uint256",
                                "name": "amount",
                                "type": "uint256"
                        },
                        {
                                "internalType": "uint256",
                                "name": "option",
                                "type": "uint256"
                        },
                        {
                                "internalType": "bool",
                                "name": "claimed",
                                "type": "bool"
                        }
                ],
                "stateMutability": "view",
                "type": "function"
        },
        {
                "inputs": [],
                "name": "withdrawFees",
                "outputs": [],
                "stateMutability": "nonpayable",
                "type": "function"
        },
        {
                "stateMutability": "payable",
                "type": "receive"
        }
]